email,first_name,last_name,res_street,res_city,res_state,res_postcode,post_street,post_city,post_state,post_postcode,latitude,longitude
colton_tromp@gmail.com,Darcy,Waters,8540 Charli Summit,AIRLIE BEACH,QLD,4802,376 Williamson Hill,ARTHUR RIVER,WA,6315,-20.26751,148.71471
lindsay_bradtke@gmail.com,Georgia,Stewart,650 Harris Summit,ARCTURUS,QLD,4722,477 Jasmine Circle,ALDINGA,SA,5173,-20.0,145.0
jaime_kuphal@yahoo.com,Joshua,Schmidt,53 Klein Circle,AMBLESIDE,TAS,7310,2979 Anthony Drive,AMOR,VIC,3825,-41.45,146.1167
odell.king@hotmail.com,Natalie,Smith,545 Summer Avenue,ALVIE,VIC,3249,5454 Koss Track,ANABRANCH SOUTH,NSW,2648,-38.23333,143.5
carlos@hotmail.com,Cameron,Schneider,46 Becker Summit,ALLANSFORD,VIC,3277,3137 Lakin Station St,ALLANS FLAT,VIC,3691,-6.88333,107.53333
linsey.blanda@hotmail.com,Mia,Flatley,15 Hannah Circle,ARMADALE,WA,6112,696 Jenkins Parkway,AMBERLEY,QLD,4306,0.01637,109.33731
roger.prohaska@gmail.com,Charles,Wilson,85 Isaac Terrace,ALEXANDRA HILLS,QLD,3161,5414 Leannon Crest,ALSACE,QLD,4702,-27.53221,153.22889
arthur@yahoo.com,Owen,Carter,9300 Moss Run,ANKETELL,WA,6167,99 Levi Summit,ADARE,QLD,4343,32.668873,-90.037661
barrett@yahoo.com,Ashley,Green,5023 Nader Lane,ANDAMOOKA,SA,5722,92 Bergstrom Run,ANTONYMYRE,WA,6714,46.39654,6.19169
salvatore_schuppe@gmail.com,Aidan,Kuhlman,201 Durgan Mall,ANNADALE,SA,5356,26 Cassin Knoll,ALEXANDRA HEADLAND,QLD,4572,-34.39137,139.34886
karl@yahoo.com,Alexandra,Clarke,6591 Natalie Meadow,ARROWSMITH,WA,6525,8719 Adams Place,ANSONS BAY,TAS,7264,32.668873,-90.037661
karyn.kub@gmail.com,Samantha,Champlin,79 Eve Pass,ADARE,QLD,4343,67 Erdman Island,AUGATHELLA,QLD,4477,-27.51267,152.29537
mackenzie_auer@gmail.com,Cameron,Haley,351 Heidi Court,ALPHINGTON,VIC,3078,460 Mccullough Manor,AIRVILLE,QLD,4807,-37.7829,145.0226
lea.cummings@hotmail.com,Daniel,Braun,80 Ernser Avenue,ANNADALE,SA,5356,89 Eva Boulevard,AIRLY,VIC,3851,-34.39137,139.34886
julian@yahoo.com,Luke,Dare,544 Sanford Pass,AYLMERTON,NSW,2575,715 Tremblay Street,ARTHUR RIVER,TAS,7330,47.2808,7.83274
sandee@yahoo.com,Blake,Feeney,2442 Grimes Island,ASHMONT,NSW,2650,174 Isabelle Track,AVISFORD,NSW,2850,-35.12491,147.33172
camille_hintz@yahoo.com,William,Walter,4945 Chloe Parkway,MILLERBURGH,NSW,1270,93 Maya Lane,NATESIDE,ACT,6202,55.61963,14.01975
twila_morar@yahoo.com,Bella,Lockman,8813 Emily Meadow,ARMSTRONG CREEK,VIC,3217,74 Ali Circuit,ALLWORTH,NSW,2425,-38.2583,144.3083
maryjo@yahoo.com,Lucy,Stokes,888 Mackenzie Ridge,AARONS PASS,NSW,2850,7423 Crooks Crest,ADAMSTOWN,NSW,2289,47.4116,7.83234
phillip@gmail.com,Archie,Barton,41 Taylor View Rd,ANGLEDOOL,NSW,2834,796 Madison Crest,ALMONDS,VIC,3727,47.42903,7.70266
sol@gmail.com,Jett,Monahan,8845 Braun Hill,ARMADALE,WA,6112,61 Emily Place,ANAMBAH,NSW,2320,0.01637,109.33731
aileen.berge@yahoo.com,Phoebe,Dare,823 O'neill Place,ALLENS RIVULET,TAS,7150,58 Walsh Trail,ARAKOON,NSW,2431,-43.2667,147.2333
ozie.herzog@gmail.com,Lachlan,Howell,91 Samantha Parkway,ADAMS ESTATE,VIC,3984,9367 Smyth Way,ALBANY,WA,6330,-38.4167,145.5
deane_donnelly@gmail.com,Alexander,Walker,25 Grace Crescent,APPILA,SA,5480,8683 Leffler Boulevard,ANDERGROVE,QLD,4740,46.62863,6.54957
ona@hotmail.com,Summer,Hand,24 Matilda Station St,ARCOONA,SA,5720,81 Bayer Loop,ABINGTON,QLD,4660,46.43278,6.19621
oren.west@yahoo.com,Archie,Douglas,15 Alyssa Street,ALBION PARK RAIL,NSW,2527,2907 Isabelle Terrace,ABERFOYLE PARK,SA,5159,47.21596,7.58677
todd@yahoo.com,Riley,West,2122 Goodwin Avenue,ARCADIA SOUTH,VIC,3631,2782 Carroll Street,ABERCORN,QLD,4627,-36.4167,145.5
loreta.bernier@hotmail.com,Audrey,Rohan,264 Maya Station St,APPLECROSS,WA,6153,770 Mason Plaza,AITKENVALE,QLD,4814,46.2404,6.91528
major_hermann@hotmail.com,Natalie,Hammes,33 Durgan Circle,AREEGRA,VIC,3480,1531 Victoria Parade,ARMIDALE,NSW,2350,-36.3028,142.9681
hunter@gmail.com,Edward,Parisian,62 Lachlan Run,ARKAROOLA VILLAGE,SA,5732,201 Khan Street,ANTIGUA,QLD,4650,46.42811,6.24935
lanny.fay@gmail.com,Marcus,Kutch,2245 Jett Square,ARDROSSAN,SA,5571,7267 Chelsea Loop,ARCADIA,QLD,4819,46.86462,6.63414
ruthie@yahoo.com,Eli,Wood,157 Amy Crest,ASHBOURNE,VIC,3442,8970 Eve Terrace,AURUKUN,QLD,4892,-37.3174,144.5993
jim@yahoo.com,Phoenix,Douglas,6855 Erdman Mews,ARIAH PARK,NSW,2665,237 Williams Way,ADJUNGBILLY,NSW,2727,-34.5,147.1667
rima@gmail.com,Georgia,Adams,23 Bogan Parade,AGNES BANKS,NSW,2753,2053 Fay Run,ARCHIES CREEK,VIC,3995,-33.60944,150.71674
lamont@hotmail.com,Sarah,Boyle,3934 Levi Meadow,ALBION,QLD,4010,33 Oliver Estate Dr,ARTHURS CREEK,VIC,3099,47.35422,8.04123
tod@yahoo.com,Abbey,Wilderman,77 Lowe Lane,ANTONYMYRE,WA,6714,183 Hugo Pass,ALAWOONA,SA,5311,32.668873,-90.037661
shantell@hotmail.com,Gemma,Cox,31 Sam Track,AUSTINS FERRY,TAS,7011,18 Skye Parade,ANTONYMYRE,WA,6714,-42.7667,147.25
alton@gmail.com,Jessica,James,2317 Emma Plaza,NORTH LINCOLNSTAD,QLD,6756,94 Henry Court,DANIELHAVEN,WA,1267,-20.0,145.0
karin@gmail.com,Alice,Nolan,819 Oliver Circuit,ARMSTRONG CREEK,QLD,4520,418 Berge Crescent,AKAROA,TAS,7216,-27.21667,152.83333
victor.bailey@gmail.com,Archie,Macdonald,83 Nader Drive,EMMASIDE,WA,9254,2626 Reid Island,MADISONFURT,SA,8674,37.10236,22.13575
nicolas@gmail.com,Lachlan,Beahan,40 Harber Ridge,ARCADIA SOUTH,VIC,3631,17 Justin Road,ARGENTON,NSW,2284,-36.4167,145.5
anthony_collier@hotmail.com,Heidi,Hackett,105 Alex Junction,ANAMBAH,NSW,2320,43 Nicholas Street,ARAMARA,QLD,4620,-33.0,146.0
julene_stiedemann@gmail.com,Stella,Garden,61 Turcotte Boulevard,ASHFIELD,QLD,4670,98 Green Track,ARDMONA,VIC,3629,-24.87256,152.39537
robert@hotmail.com,Nathan,Davies,778 Nicolas Summit,ASHBOURNE,VIC,3442,72 Kovacek Ridge,ASHWOOD,VIC,3147,-37.3174,144.5993
sudie.kertzmann@hotmail.com,Tyler,Hand,17 Ashley Mall,ARALUEN,QLD,4570,51 Madison Mall,APPILA,SA,5480,-20.0,145.0
carolyne_huels@hotmail.com,Joel,Taylor,8515 Abigail Circuit,AUGATHELLA,QLD,4477,635 Eliza Place,ARGYLL,QLD,4721,-25.79625,146.58452
shad@gmail.com,Audrey,Sanford,393 Layla Way,ADELONG,NSW,2729,9059 Matthew Road,ARGOON,NSW,2707,-35.3049,148.069
booker.roberts@gmail.com,Claudia,Borer,330 Angelina Avenue,ARGYLL,QLD,4721,126 D'amore Road,ADAMS ESTATE,VIC,3984,47.45043,8.92722
emelda.hoeger@yahoo.com,Willow,O'hara,21 Paterson Street,ALISON,NSW,2259,1866 Patel Mall,APPIN,NSW,2560,46.95876,7.14659
olin_okon@gmail.com,Elijah,Sanford,42 Hunter Pass,ALTON DOWNS,QLD,4702,91 Johnston Parade,ASHFIELD,WA,6054,-23.3,150.35
herbert@gmail.com,Christian,Schroeder,5439 Grimes Estate Dr,AMAMOOR,QLD,4570,81 Luca Loop,ALLEENA,NSW,2671,-26.34915,152.67928
ramiro.predovic@hotmail.com,Mackenzie,Wolf,2228 Isaac Crest,ARDROSSAN,SA,5571,829 Sophie Crescent,ARCHER RIVER,QLD,4892,46.86462,6.63414
sheree.mertz@gmail.com,Summer,Spencer,6875 Kelly Knoll,ASHMONT,NSW,2650,147 Hill Crescent,ANGLE PARK,SA,5010,-35.12491,147.33172
darnell@yahoo.com,Logan,Connelly,93 Flatley Boulevard,ADAMSTOWN HEIGHTS,NSW,2289,458 Isabel Crest,ACTON,ACT,2601,-32.94906,151.71009
adan.crist@hotmail.com,Lachlan,Smyth,2950 Hamish Crescent,ALMA,VIC,3465,27 Phoebe View Rd,ALLESTREE,VIC,3305,-37.05,143.5333
soila@gmail.com,Summer,Parker,10 Champlin Pass,ARDLETHAN,NSW,2665,32 Spencer Square,ARTHUR RIVER,WA,6315,-34.5,147.1667
horacio.lemke@gmail.com,Liam,Bogan,6377 Rohan Circuit,ANDAMOOKA STATION,SA,5719,4080 Mitchell Avenue,ARIAH PARK,NSW,2665,46.42623,6.13813
afton@hotmail.com,Abigail,Bayer,21 Holly Parkway,APPLETHORPE,QLD,4378,6815 Bella Run,ALLENVIEW,QLD,4285,-28.61932,151.96009
shellie@gmail.com,Sienna,Connelly,445 Mia Loop,ARDATH,WA,6419,2469 Scott Drive,ANNANDALE,NSW,2038,32.668873,-90.037661
terresa.torp@hotmail.com,Archie,Dooley,25 King Estate Dr,AUSTRALIND,WA,6233,539 Gutmann Parkway,AVENELL HEIGHTS,QLD,4670,32.668873,-90.037661
samual@yahoo.com,Daniel,Bode,50 Kris Terrace,ASPENDALE GARDENS,VIC,3195,21 Beau Circle,ARGYLE,WA,6239,-37.9995,145.1163
derek@yahoo.com,Anthony,Brown,5261 Adam View Rd,ABBEY,WA,6280,6795 Miller Meadow,ALDOGA,QLD,4694,32.668873,-90.037661
esteban.block@hotmail.com,Charlotte,Bogan,396 Cole Street,PORT LUCY,TAS,9675,83 Wilkinson Circle,ETHANTON,NT,8543,41.26465,69.21627
bradly.shields@yahoo.com,Imogen,Graham,912 Barton View Rd,ALEXANDRA,VIC,3714,46 Alex Knoll,AWABA,NSW,2283,-37.25,145.7
noella_willms@hotmail.com,Nicholas,Connelly,6748 Ernser View Rd,ADAMSTOWN HEIGHTS,NSW,2289,3128 Abigail Crescent,ANAMBAH,NSW,2320,-32.94906,151.71009
kathrine@gmail.com,Isabelle,O'connell,8331 Evie Crescent,AUSTRALIA PLAINS,SA,5374,531 Bailey Junction,ABBOTSFORD,QLD,4670,-34.1005191,139.1541287
valentine@yahoo.com,Paige,Mclaughlin,639 George Manor,AMBERLEY,QLD,4306,1259 Hand Meadow,ARMSTRONG CREEK,QLD,4520,47.55831,8.40474
chas@gmail.com,Charlie,Muller,5719 Lowe Ridge,ALBION PARK RAIL,NSW,2527,917 Evie Estate Dr,AUSTRAL,NSW,2179,47.21596,7.58677
suzanne@gmail.com,Harry,Nader,648 Hamish Mall,AIRDS,NSW,2560,12 Phoebe Loop,ALBERT PARK,VIC,3206,65.73201,20.71412
gala@hotmail.com,Angus,Bergstrom,7612 Isabel Hill,ALBION,VIC,3020,8793 Campbell Manor,ASHFIELD,WA,6054,-37.775,144.8333
bailey.altenwerth@hotmail.com,Owen,Turcotte,362 Mason Track,ARCHIES CREEK,VIC,3995,3505 Morrison Hill,AGNES,VIC,3962,-38.6059,145.5936
mamie.grady@gmail.com,Mitchell,Jacobs,24 Gutmann Loop,ALLEENA,NSW,2671,4888 Mayer Road,ALLANSFORD,VIC,3277,-33.85,146.8333
rolland@gmail.com,Molly,Baumbach,120 Lakin Boulevard,AMERICAN BEACH,SA,5222,93 Hansen Loop,ALLAMBEE SOUTH,VIC,3871,46.00329,8.81555
sulema@gmail.com,Lincoln,Hamilton,2180 Windler Terrace,ALLIGATOR CREEK,QLD,4740,72 Howe Crest,ARTHURTON,SA,5572,-19.39176,146.93784
branden.abshire@hotmail.com,Claudia,Moore,82 Hughes Crescent,ALLEENA,NSW,2671,20 Macdonald Plaza,ALVA,QLD,4807,-33.85,146.8333
jewel_altenwerth@gmail.com,Samuel,Kemmer,77 Natalie Circle,ANNANGROVE,NSW,2156,74 Dare Terrace,ADJUNGBILLY,NSW,2727,-33.65758,150.94755
maisie_kuvalis@hotmail.com,Lincoln,Cruickshank,3970 Hermiston View Rd,ANDERLEIGH,QLD,4570,75 Anthony Road,ALSTONVILLE,NSW,2477,-20.0,145.0
sharika_jacobi@yahoo.com,Blake,Hughes,60 Ryan Parade,ASHENDON,WA,6111,76 Madison Circuit,ANDO,NSW,2631,46.40213,7.6277
jed@hotmail.com,Cooper,Richards,63 Emma Mews,ALBION,QLD,4010,4599 Fay Track,ARMSTRONG CREEK,QLD,4520,47.35422,8.04123
annett.prosacco@yahoo.com,Lauren,Jacobs,736 Kunde Boulevard,SOUTH ANDREWCHESTER,VIC,7302,5376 Eva Drive,NGUYENTOWN,QLD,6332,-5.421,120.2399
laci@gmail.com,Kayla,Larkin,432 Finn Meadow,ANSTEAD,QLD,4070,7069 Gibson Circuit,AXE CREEK,VIC,3551,-27.53781,152.86187
donovan@hotmail.com,Jackson,Hermiston,780 Robinson Square,HAMISHVIEW,SA,3349,121 Rutherford Manor,PORT MADELINEFURT,TAS,1000,25.0,45.0
theda_kihn@yahoo.com,Charlie,Ebert,7979 Lucy Junction,ALVA,QLD,4807,87 Kreiger Circuit,AUSTINVILLE,QLD,4213,-19.45,147.48333
shannon_lindgren@yahoo.com,Jessica,Quinn,22 Price Meadow,ALLANSON,WA,6225,877 Claudia Island,ASQUITH,NSW,2077,32.668873,-90.037661
celestine@gmail.com,Emily,Walter,926 Wood Crescent,ARATULA,NSW,2714,7413 Reynolds Lane,ANDROMACHE,QLD,4800,-33.0,146.0
davina.franecki@hotmail.com,Victoria,Kunde,786 Schroeder Parade,ARNDELL PARK,NSW,2148,4896 Howe Parkway,ALISON,NSW,2259,46.64227,7.04244
casimira@gmail.com,Ava,Davies,2544 Schmitt Circle,ABBEY,WA,6280,1133 Alexandra Summit,ALTONA,SA,5351,32.668873,-90.037661
alishia.wiegand@gmail.com,Hayden,Walker,8851 Wood Track,ARALUEN,QLD,4570,3147 Hyatt Island,ALFREDTOWN,NSW,2650,-20.0,145.0
suzanna.adams@gmail.com,Oliver,Stokes,2216 Smith Circuit,GREENHOLTMOUTH,SA,5525,2582 Ferry Pass,MATTHEWFORT,ACT,5697,25.0,45.0
lashaun@yahoo.com,Alexandra,Hettinger,21 O'hara Grove,PORT MIA,SA,7827,528 Hackett Circle,BODELAND,TAS,5368,25.0,45.0
dominique@hotmail.com,Gemma,Wright,64 Morrison Place,ARDROSSAN,SA,5571,7602 Hudson Parade,ADAVALE,QLD,4474,46.86462,6.63414
phylicia@hotmail.com,Xavier,Mckenzie,35 Violet Island,ANGAS PLAINS,SA,5255,41 Charlotte Mews,ABERGLASSLYN,NSW,2320,-35.35,139.0
abram_christiansen@gmail.com,Amelie,Parker,2554 Mckenzie Estate Dr,ALBION,QLD,4822,8073 Ava Manor,AUSTRAL EDEN,NSW,2440,-19.8,143.2833
belen@hotmail.com,Ali,Tremblay,80 Hunter Parade,ARGOON,QLD,4702,96 Lucy Station St,ANTONYMYRE,WA,6714,-24.25266,150.43587
arletta_mosciski@gmail.com,Kiara,King,77 Archie Loop,AIRDS,NSW,2560,10 Campbell Crescent,ASCOT,QLD,4360,65.73201,20.71412
tiera@gmail.com,Joel,Kohler,2032 Olivia Junction,AMERICAN RIVER,SA,5221,7446 Muller Square,ALDAVILLA,NSW,2440,46.01917,8.94467
darron@yahoo.com,Luca,Mckenzie,1926 Smitham Way,SOUTH ELLABURGH,NT,6250,23 Kovacek Way,STEPHANIESHIRE,NSW,1564,46.30377,7.54244
jon.ullrich@hotmail.com,Scarlett,Collier,110 Watson Junction,ARGYLE,VIC,3523,320 Sarah Avenue,ALDGATE,SA,5154,-36.8333,144.5833
glennis@yahoo.com,Audrey,Bogan,77 Baumbach Crest,AVALON,VIC,3212,908 Mccullough Drive,AITKENVALE,QLD,4814,46.2933,15.3033
bennie@hotmail.com,Lillian,Parisian,8179 Bosco Terrace,AVALON,VIC,3212,946 Sam Avenue,ALTONA,VIC,3018,46.2933,15.3033
lizzie_deckow@gmail.com,Mikayla,Patel,252 Mason Hill,ARGYLE,VIC,3523,8792 Marcus Street,ACTON PARK,WA,6280,-36.8333,144.5833
lauran@hotmail.com,Claudia,Parisian,34 Ward Crest,ASHCROFT,NSW,2168,59 D'amore Terrace,ALBION PARK,NSW,2527,-33.91598,150.89985
regan.adams@yahoo.com,Oscar,Jackson,8772 Savannah Lane,AULDANA,SA,5072,435 Patel Pass,ARDROSS,WA,6153,46.47482,8.83548
debroah.hayes@yahoo.com,Lily,Green,3010 Abbey Crest,ALFREDTON,VIC,3350,5451 Jacobs Circle,ARGALONG,NSW,2720,-37.5292,143.8591
karren@gmail.com,Elijah,Fisher,731 Rodriguez Place,ARALUEN,NSW,2622,534 Mikayla Way,ARTHURS LAKE,TAS,7030,47.38802,7.6035
jerrell_kemmer@yahoo.com,Finn,Walker,167 Chelsea Ridge,TURNERCHESTER,TAS,5574,34 Anderson Track,EAST SAVANNAH,NSW,4663,-40.5584,175.2388
rosendo_schaefer@yahoo.com,Levi,Davis,6171 Eve Knoll,AMITY,QLD,4183,149 Harvey Island,AUCHMORE,VIC,3570,47.47054,8.09306
corazon_turcotte@yahoo.com,Chelsea,Beier,9542 Bella Lane,ANAMA,SA,5464,153 Patrick Pass,ANKETELL,WA,6167,46.92098,7.01245
donte_vonrueden@hotmail.com,Benjamin,Mills,119 Rose Mall,AEROGLEN,QLD,4870,99 Thomas Drive,ABBOTSFORD,NSW,2046,-16.87686,145.75663
simona@yahoo.com,Eli,Cole,24 Ivy Parkway,ALTON DOWNS,QLD,4702,297 Crooks Place,AVENELL HEIGHTS,QLD,4670,-23.3,150.35
brooks@yahoo.com,Charli,Mueller,80 Andrew Hill,ANNUELLO,VIC,3549,6701 Kessler Run,ACLAND,QLD,4401,-34.85,142.83333
donte@yahoo.com,Kayla,Schmitt,1096 Smitham Street,APOINGA,SA,5413,553 Justin Parkway,ANTIGUA,QLD,4650,46.35979,6.92523
theodore@hotmail.com,Jade,Barton,53 Murphy Knoll,ATTUNGA,NSW,2345,3760 Caitlin Street,AMBY,QLD,4462,-30.93028,150.8468
max@gmail.com,Zara,Gleason,2839 Anna Parkway,ALTONA NORTH,VIC,3025,7742 Bailey Street,ALLAWAH,NSW,2218,-37.8349,144.8474
renaldo.kirlin@hotmail.com,Lachlan,Bruen,3506 Lynch Boulevard,AUBURN,NSW,2144,18 Elijah Lane,AVON,SA,5501,-33.85,151.03333
savannah@hotmail.com,Paige,Rodriguez,95 Martin Circuit,AVON,NSW,2574,264 William Road,ANABRANCH SOUTH,NSW,2648,47.37998,8.0246
martin@gmail.com,Amelie,Davis,146 Ryan Street,EAST HENRYLAND,WA,1843,733 Leffler Knoll,REESMOUTH,QLD,8304,32.668873,-90.037661
gaylord.crist@gmail.com,Skye,Williamson,74 Jordan Grove,ABERGOWRIE,QLD,4850,13 Kayla Estate Dr,ALMA,SA,5401,-18.6455,146.1625
sid@gmail.com,Mia,Tromp,9403 Brown Track,ASHMONT,NSW,2650,611 Oscar Manor,ANGLE PARK,SA,5010,-35.12491,147.33172
heidi_gerhold@yahoo.com,Molly,Sanford,756 Huel Manor,ATTWOOD,VIC,3049,3371 Heaney Lane,ALLENS RIVULET,TAS,7150,-37.6724,144.8919
jacques_halvorson@yahoo.com,Hamish,Emmerich,93 Kirlin Avenue,ASCOT,QLD,4007,17 Jasmine Island,AMITY,QLD,4183,47.32178,8.05281
andera@yahoo.com,Madeline,Grant,98 Ella Road,ABBEY,WA,6280,399 D'amore Hill,ARAWATA,VIC,3951,32.668873,-90.037661
dick.herzog@yahoo.com,Leo,Gibson,420 Isabel Run,APSLAWN,TAS,7190,46 Isabella Place,AVON,SA,5501,-42.3064,147.9158
shandi@yahoo.com,Gemma,Little,176 Hermann Meadow,ALICE CREEK,QLD,4610,958 Charles Lane,ASHBOURNE,VIC,3442,-24.96667,144.03333
harvey.sawayn@yahoo.com,Lola,Larson,1756 Rees Street,ASCOT,QLD,4360,4627 Thomas Road,ALLENDALE EAST,SA,5291,-27.43154,153.058
reyna@yahoo.com,Chloe,Reynolds,4926 Murphy Road,ARRAWARRA,NSW,2456,873 Welch Junction,ALBION PARK,NSW,2527,47.12116,7.44238
rex_hermiston@yahoo.com,Summer,Barton,98 Greenfelder Summit,AVOCA,TAS,7213,87 Hannah Lane,ALLORA,QLD,4362,-41.7399,147.6832
chiquita@gmail.com,Jasper,Phillips,55 Andrew Crescent,ADELAIDE PARK,QLD,4703,5816 Zac Street,ACHERON,VIC,3714,-23.09678,150.69568
anna@gmail.com,James,Hansen,75 Matthew Track,ANAMA,SA,5464,3120 Skye Station St,ASHGROVE,QLD,4060,46.92098,7.01245
arlen_strosin@gmail.com,William,Tromp,351 Phillips Loop,ALLENDALE,VIC,3364,8453 Michael Crescent,ADJUNGBILLY,NSW,2727,-37.3667,144.05
lyle@yahoo.com,Finn,Thomson,164 D'amore View Rd,PORT MAYALAND,NT,7321,5278 Connor Summit,EAST JACKSONLAND,QLD,9665,-20.0,134.0
raymond_kutch@gmail.com,Audrey,Barrows,51 Mia Track,ARCADIA SOUTH,VIC,3631,4936 Daniel Court,ANDREWS FARM,SA,5114,-36.4167,145.5
alona@gmail.com,Phoenix,Muller,912 Thompson Circle,ALFRED COVE,WA,6154,29 Hannah Place,ASHMONT,NSW,2650,46.36763,6.85829
karan@hotmail.com,Lachlan,Thomson,62 Mueller Run,APPLEBY,NSW,2340,797 Isabella Terrace,ANGLERS REST,VIC,3898,-30.96667,150.85
glenn_robel@gmail.com,Beau,Gibson,487 Lincoln Mews,AVON,SA,5501,8110 Samantha Mall,ADAVALE,QLD,4474,46.5912,6.56731
gus@gmail.com,Amelia,Stanton,396 Emma Mews,ASHBOURNE,VIC,3442,712 Max Mews,ASPENDALE GARDENS,VIC,3195,-37.3174,144.5993
karma.stanton@hotmail.com,Toby,Kovacek,9826 Adam Parkway,ANAKIE,VIC,3213,33 Stokes Court,ACHERON,VIC,3714,-37.9167,144.25
elton@hotmail.com,Leo,Mills,203 Rolfson Knoll,ANTONYMYRE,WA,6714,8914 Griffiths Run,ALBERTON,VIC,3971,32.668873,-90.037661
kelly.hansen@gmail.com,Adam,Langworth,3573 Kirlin Mews,NEW EMMA,ACT,4021,1253 Sam Loop,EAST AMBERBURGH,NSW,2718,47.46513,8.28964
marcella_buckridge@yahoo.com,Jasper,Hall,157 Jacob Summit,ARMSTRONG BEACH,QLD,4737,66 Anthony Avenue,ABBEYWOOD,QLD,4613,-21.45121,149.29137
steve.nitzsche@gmail.com,Sarah,Shields,34 Kreiger Circle,ALLEENA,NSW,2671,378 Molly Manor,APPLEBY,NSW,2340,-33.85,146.8333
bernardina.nienow@gmail.com,Maddison,Little,31 Thompson Manor,ALTONA,VIC,3018,424 Borer View Rd,ALBERTON,QLD,4207,-37.8696,144.8304
fidel@yahoo.com,Lucas,Tillman,4985 Bosco Trail,ANTIGUA,QLD,4650,2447 Piper Square,AVONDALE,QLD,4670,-25.63811,152.59889
sonya@hotmail.com,Victoria,Kiehn,30 Dooley Square,AVONSLEIGH,VIC,3782,55 Kai Mews,AUBIN GROVE,WA,6164,-37.9333,145.4667
al@yahoo.com,Violet,Morrison,478 Schroeder Circuit,AVENEL,VIC,3664,61 Kohler Boulevard,ARDLETHAN,NSW,2665,-36.9452,145.3379
lamont.damore@gmail.com,Sophia,O'conner,3282 Thompson Parade,BRUENBURGH,ACT,5930,3258 Olivia Grove,NEW ETHANTON,NSW,8679,46.7622,6.58681
emely_daniel@yahoo.com,Bella,Hayes,3364 Dickinson Station St,ASHFIELD,QLD,4670,8704 Holly Square,AMELUP,WA,6338,-24.87256,152.39537
janiece.simonis@hotmail.com,Heidi,Huel,8016 Hyatt Way,SOUTH GEORGE,NSW,1220,33 Michael Junction,MATTHEWBOROUGH,QLD,5439,1.46011,99.67346
blanch@yahoo.com,Ryan,Macdonald,767 Isabel Boulevard,ASHENDON,WA,6111,977 Huel Way,ACTON PARK,WA,6280,46.40213,7.6277
carrol@yahoo.com,Elijah,Hessel,757 Adam Junction,ALBERTON,TAS,7263,90 Wilkinson Plaza,AVOCA,TAS,7213,-41.2,147.7
modesto_hagenes@gmail.com,Stephanie,O'connell,803 Hane Loop,AYLMERTON,NSW,2575,5675 Lewis Circle,ADELONG,NSW,2729,47.2808,7.83274
kermit@gmail.com,Declan,Harber,7328 Graham Square,ANGELO RIVER,WA,6642,420 Imogen Avenue,ANGOURIE,NSW,2464,46.21895,6.20369
gene@hotmail.com,Aidan,Davies,471 Lucy Station St,AMBLESIDE,TAS,7310,4822 Jacobi Knoll,ASHBOURNE,VIC,3442,-41.45,146.1167
man@gmail.com,Edward,Hughes,33 Beahan Square,AUSTRAL,NSW,2179,77 Murray Meadow,ANGLERS REST,VIC,3898,46.80589,7.07694
joanie.feil@yahoo.com,Evie,Boyer,163 Griffiths Lane,ALEXANDRA HEADLAND,QLD,4572,642 Farrell Station St,ADAMSTOWN,NSW,2289,-26.672,153.10787
lu@yahoo.com,Mason,Champlin,943 Gabriel Manor,ASCOT,VIC,3551,9381 Sam Avenue,AVALON BEACH,NSW,2107,-36.8167,144.3
